Gene	Location	methylation-id	Methylation-mRNA correlation	p-value
HPSE	4q21.3	cg25428494	-0.711446450679181	1.6598986905973e-06
HPSE	4q21.3	cg13508557	-0.802838430583129	6.54656276791991e-09
AUTS2	7q11.22	cg17027195	-0.802838430583129	6.54656276791991e-09
